[{
	"_id": {
		"$oid": "6369acdfab9dafb8524f1a3e"
	},
	"title": "Section 8",
	"year": 2022,
	"marshalArt": "Karate",
	"artists": [
		{
			"name": "Dermot Mulroney",
			"yearStartedActing": 1986,
			"_id": {
				"$oid": "6369acdfab9dafb8524f1a3f"
			}
		},
		{
			"name": "Mickey Rourke",
			"yearStartedActing": 1979,
			"_id": {
				"$oid": "6369acdfab9dafb8524f1a40"
			}
		},
		{
			"name": "Mickey Rourke",
			"yearStartedActing": 2001,
			"_id": {
				"$oid": "6369acdfab9dafb8524f1a41"
			}
		}
	],
	"__v": 0
},
{
	"_id": {
		"$oid": "6369ae75ab9dafb8524f1a43"
	},
	"title": "Extreme Challenge",
	"year": 2001,
	"marshalArt": "Mixed Marshal Arts",
	"artists": [
		{
			"name": "Ken Chang",
			"yearStartedActing": 202,
			"_id": {
				"$oid": "6369ae75ab9dafb8524f1a44"
			}
		},
		{
			"name": "Patricia Ja Lee",
			"yearStartedActing": 2001,
			"_id": {
				"$oid": "6369ae75ab9dafb8524f1a45"
			}
		},
		{
			"name": "Jacquline Li",
			"yearStartedActing": 1999,
			"_id": {
				"$oid": "6369ae75ab9dafb8524f1a46"
			}
		}
	],
	"__v": 0
},
{
	"_id": {
		"$oid": "6369b082ab9dafb8524f1a48"
	},
	"title": "Pit Fighter",
	"year": 2005,
	"marshalArt": "Free Style",
	"artists": [
		{
			"name": "Dominique Vandenburge",
			"yearStartedActing": 2002,
			"_id": {
				"$oid": "6369b082ab9dafb8524f1a49"
			}
		},
		{
			"name": "Steve Bauer",
			"yearStartedActing": 1977,
			"_id": {
				"$oid": "6369b082ab9dafb8524f1a4a"
			}
		},
		{
			"name": "Fernando Carrillo",
			"yearStartedActing": 1999,
			"_id": {
				"$oid": "6369b082ab9dafb8524f1a4b"
			}
		}
	],
	"__v": 0
}]

